Request Forwarded: 0,2024/01/27 14:56:45
Request Forwarded: 1,2024/01/27 14:56:45
Request Forwarded: 2,2024/01/27 14:56:46
Request Forwarded: 3,2024/01/27 14:56:46
Request Forwarded: 4,2024/01/27 14:56:46
Request Forwarded: 5,2024/01/27 14:56:46
Request Dropped: 6,2024/01/27 14:56:46
Request Dropped: 7,2024/01/27 14:56:47
Request Dropped: 8,2024/01/27 14:56:47
Request Forwarded: 9,2024/01/27 14:56:47
Request Dropped: 10,2024/01/27 14:56:47
Request Dropped: 11,2024/01/27 14:56:47
Request Dropped: 12,2024/01/27 14:56:48
Request Dropped: 13,2024/01/27 14:56:48
Request Forwarded: 14,2024/01/27 14:56:48
Request Dropped: 15,2024/01/27 14:56:48
Request Dropped: 16,2024/01/27 14:56:48
Request Dropped: 17,2024/01/27 14:56:49
Request Dropped: 18,2024/01/27 14:56:49
Request Forwarded: 19,2024/01/27 14:56:49
Request Dropped: 20,2024/01/27 14:56:49
Request Dropped: 21,2024/01/27 14:56:49
Request Dropped: 22,2024/01/27 14:56:50
Request Dropped: 23,2024/01/27 14:56:50
Request Forwarded: 24,2024/01/27 14:56:50
Request Dropped: 25,2024/01/27 14:56:50
Request Dropped: 26,2024/01/27 14:56:50
Request Dropped: 27,2024/01/27 14:56:51
Request Dropped: 28,2024/01/27 14:56:51
Request Forwarded: 29,2024/01/27 14:56:51
Request Dropped: 30,2024/01/27 14:56:51
Request Dropped: 31,2024/01/27 14:56:51
Request Dropped: 32,2024/01/27 14:56:52
Request Dropped: 33,2024/01/27 14:56:52
Request Forwarded: 34,2024/01/27 14:56:52
Request Dropped: 35,2024/01/27 14:56:52
Request Dropped: 36,2024/01/27 14:56:52
Request Dropped: 37,2024/01/27 14:56:53
Request Dropped: 38,2024/01/27 14:56:53
Request Forwarded: 39,2024/01/27 14:56:53
Request Dropped: 40,2024/01/27 14:56:53
Request Dropped: 41,2024/01/27 14:56:53
Request Dropped: 42,2024/01/27 14:56:54
Request Dropped: 43,2024/01/27 14:56:54
Request Forwarded: 44,2024/01/27 14:56:54
Request Dropped: 45,2024/01/27 14:56:54
Request Dropped: 46,2024/01/27 14:56:54
Request Dropped: 47,2024/01/27 14:56:55
Request Dropped: 48,2024/01/27 14:56:55
Request Forwarded: 49,2024/01/27 14:56:55
